<?xml version="1.0" encoding="ISO-8859-1"?>
<SQP VERSION=".9BETA9/9/2004 1:27:12 PM">
<CHOICES>
<ANSWER name = "root" coding = "1" ID="1">
<CHOICE Vformula ="0" Rformula ="0" name="Request for an answer" desc="Full text of the 'request for an answer' or question (REQ). Please consult the SQP manual for a definition." type="textarea" ID="10" MAXV="0" MAXR="0" >
</CHOICE>
<CHOICE Vformula ="0" Rformula ="0" name="Response categories" desc="Please list the response categories used. NOTE: exclude 'don't know' options." type="editablelist" ID="52" MAXV="0" MAXR="0" >
</CHOICE>
<CHOICE Vformula ="((45*[1:1]) + (58*[1:2]) + (22*[1:3]) + (5*[1:4]) + (-16*[1:5]) + (-1*[1:6]) + (28*[1:7]))/1000" Rformula ="((53*[1:1]) + (29*[1:2]) + (17*[1:3]) + (21*[1:4]) + (-77*[1:5]) + (-67*[1:6]) + (13*[1:7]))/1000" name="Domain" desc="Originally the classification of the Central Data Archive in Cologne/Germany had been used for the coding. But in the analysis only the following categories have been used for the domain." type="radiobuttons" ID="1" MAXV="0.196" MAXR="0.091" >
<ANSWER name = "National Politics" coding = "1" ID="2">
</ANSWER>
<ANSWER name = "International Politics" coding = "2" ID="3">
</ANSWER>
<ANSWER name = "Health" coding = "3" ID="4">
</ANSWER>
<ANSWER name = "Living conditions and background characteristics" coding = "4" ID="5">
</ANSWER>
<ANSWER name = "Life in general" coding = "5" ID="6">
</ANSWER>
<ANSWER name = "Other subjective variables, e.g. crime" coding = "6" ID="7">
</ANSWER>
<ANSWER name = "Work" coding = "7" ID="8">
</ANSWER>
<ANSWER name = "Others: consumption, leisure, etc." coding = "8" ID="9">
</ANSWER>
</CHOICE>
<CHOICE Vformula ="((14*[2:1]) + (-8*[2:2]) + (19*[2:3]) + (-9*[2:4]) + (-150*[2:5]) + (47*[2:6]))/1000" Rformula ="((6*[2:1]) + (-4*[2:2]) + (36*[2:3]) + (3*[2:4]) + (-126*[2:5]) + (-72*[2:6]))/1000" name="Concept" desc="This classification system is based on Saris and Gallhofer (forthcoming), Formulation and Classification of survey-questions." type="radiobuttons" ID="2" MAXV="0.019" MAXR="0.012" >
<ANSWER name = "Evaluative belief" coding = "1" ID="10">
</ANSWER>
<ANSWER name = "Feelings" coding = "2" ID="11">
</ANSWER>
<ANSWER name = "Importance of judgment" coding = "3" ID="12">
</ANSWER>
<ANSWER name = "Expectations of future events" coding = "4" ID="13">
</ANSWER>
<ANSWER name = "Facts, background variables" coding = "5" ID="14">
</ANSWER>
<ANSWER name = "Complex concepts" coding = "6" ID="23">
</ANSWER>
<ANSWER name = "Other concepts" coding = "7" ID="24">
</ANSWER>
</CHOICE>
<CHOICE Vformula ="(8*[8])/1000" Rformula ="(2*[8])/1000" name="Social Desirability" desc="Socially desirable responses occur when the response categories are not equally socially desirable. Topics where this can occur are: voting behaviour, behaviour related to drug addiction, crimes, illnesses, sexual behaviour, charity, financial matters, and being a well informed an cultured person." type="radiobuttons" ID="8" MAXV="0.016" MAXR="0.0046" >
<ANSWER name = "Not present" coding = "0" ID="41">
</ANSWER>
<ANSWER name = "A bit" coding = "1" ID="42">
</ANSWER>
<ANSWER name = "A lot" coding = "2" ID="43">
</ANSWER>
</CHOICE>
<CHOICE Vformula ="(-9*[9])/1000" Rformula ="(-17*[9])/1000" name="Centrality" desc="Some topics are more central to the mind of respondents than other topics. The information about the centrality can be derived by going into the archives and registering the avrage percentage of 'don't know' answers to this type of questions. If this fails, one can do it intuitively on the basis of what one knows as a researcher." type="radiobuttons" ID="9" MAXV="-0.009" MAXR="-0.017" >
<ANSWER name = "Very central/salient" coding = "1" ID="44">
</ANSWER>
<ANSWER name = "Central" coding = "2" ID="45">
</ANSWER>
<ANSWER name = "Rather central" coding = "3" ID="46">
</ANSWER>
<ANSWER name = "A bit central" coding = "4" ID="47">
</ANSWER>
<ANSWER name = "Not at all central/salient" coding = "5" ID="49">
</ANSWER>
</CHOICE>
<CHOICE Vformula ="((-10*[21:1]) + (-2*[21:3]))/1000" Rformula ="((-13*[21:1]) + (44*[21:3]))/1000" name="Reference period" desc="Questions can concern the past, the future, or the present." type="radiobuttons" ID="21" MAXV="0" MAXR="0.044" >
<ANSWER name = "Future" coding = "1" ID="76">
</ANSWER>
<ANSWER name = "Present" coding = "2" ID="77">
</ANSWER>
<ANSWER name = "Past" coding = "3" ID="78">
</ANSWER>
</CHOICE>
<CHOICE Vformula ="((41*[22:1]))/1000" Rformula ="((4*[22:1]))/1000" name="Question formulation: basic choice" desc="This classification is described in Saris and Gallhofer (forthcoming)." type="radiobuttons" ID="22" MAXV="0.041" MAXR="0.004" >
<ANSWER name = "Direct or not applicable (battery)" coding = "0" ID="80">
</ANSWER>
<ANSWER name = "Indirect" coding = "1" ID="81">
</ANSWER>
<ANSWER name = "'WH' questions" coding = "2" ID="82">
</ANSWER>
</CHOICE>
<CHOICE Vformula ="(-12*[23])/1000" Rformula ="(-23*[23])/1000" name="Use of stimulus or statement in the question" desc="A stimulus in a question can be a noun or a combination of nouns like a party name, a name of an institution or a brand. frequently they occur in batteries of survey items. Statements in a question consist of complete sentences. Example: 'Do you think that the following statement is true: 'men are more intelligent than women'?'." type="radiobuttons" ID="23" MAXV="0" MAXR="0" >
<ANSWER name = "No stimulus or statement" coding = "0" ID="83">
</ANSWER>
<ANSWER name = "Stimulus or statement is present" coding = "1" ID="84">
</ANSWER>
</CHOICE>
<CHOICE Vformula ="(-23*[24])/1000" Rformula ="(80*[24])/1000" name="Use of gradation" desc="This concept indicates the strength of the agreement or the gradation in an opininion. Example: 'How much do you agree or disagree with the following statement?'." type="radiobuttons" ID="24" MAXV="0" MAXR="0.08" >
<ANSWER name = "No gradation used" coding = "0" ID="85">
</ANSWER>
<ANSWER name = "Gradation used" coding = "1" ID="86">
</ANSWER>
</CHOICE>
<CHOICE Vformula ="(-8*[25])/1000" Rformula ="(13*[25])/1000" name="Absolute or comparative judgement" desc="When respondents have to evaluate an event or object, they are often asked to give an absolute judgment. However, itis also possible to ask respondents to compare two events, situations, or objects." type="radiobuttons" ID="25" MAXV="0" MAXR="0.013" >
<ANSWER name = "Absolute" coding = "0" ID="87">
</ANSWER>
<ANSWER name = "Comparative" coding = "1" ID="88">
</ANSWER>
</CHOICE>
<CHOICE Vformula ="(-22*[26])/1000" Rformula ="(-3*[26])/1000" name="Balance of the request" desc="A question is balanced when answer categories of both directions are mentioned. For example: 'do you like or dislike foreigners?'. A request is also balanced when no answer categories are mentioned becuase in this case the question does not point in a certain drection;for example 'how do you feel about foreigners?'." type="radiobuttons" ID="26" MAXV="0" MAXR="0" >
<ANSWER name = "Balanced request or not applicable (battery)" coding = "0" ID="89">
</ANSWER>
<ANSWER name = "Unbalanced request" coding = "1" ID="90">
</ANSWER>
</CHOICE>
<CHOICE Vformula ="(-12*[27])/1000" Rformula ="(-11*[27])/1000" name="Presence of a exhortation to answer" desc="Is there a particular phrase in the question which exhorts the repondent to answer? An example of a exhortation to answer could be: '...please read this question carefully before answering....'." type="radiobuttons" ID="27" MAXV="0" MAXR="0" >
<ANSWER name = "No particular exhortation present" coding = "0" ID="91">
</ANSWER>
<ANSWER name = "Exhortation present" coding = "1" ID="92">
</ANSWER>
</CHOICE>
<CHOICE Vformula ="(-34*[28])/1000" Rformula ="(-6*[28])/1000" name="Emphasis on subjective opinion in request" desc="Examples could be: 
'please, give us your opinion about...',
'What do you think about...',
'According to you...',
'in your opinion...', etc." type="radiobuttons" ID="28" MAXV="0" MAXR="0" >
<ANSWER name = "Not present" coding = "0" ID="93">
</ANSWER>
<ANSWER name = "Present" coding = "1" ID="94">
</ANSWER>
</CHOICE>
<CHOICE Vformula ="(-10*[30])/1000" Rformula ="(1*[30])/1000" name="Information about opinion of other people" desc="An example could be: 'some people are against nuclear energy, others favour it...'." type="radiobuttons" ID="30" MAXV="0" MAXR="0.001" >
<ANSWER name = "No" coding = "0" ID="100">
</ANSWER>
<ANSWER name = "Yes" coding = "1" ID="101">
</ANSWER>
</CHOICE>
<CHOICE Vformula ="((-2*[3:1]) + (-95*[3:2]) + (-116*[3:3]) + (-33*[3:4]) + (25*[3:5]))/1000" Rformula ="((-22*[3:1]) + (121*[3:2]) + (116*[3:3]) + (118*[3:4]) + (49*[3:5]))/1000" name="Response scale: basic choice" desc="The response scale characteristics concern basic and other choices." type="radiobuttons" ID="3" MAXV="0.0245" MAXR="0.1208" >
<ANSWER name = "Categories" coding = "0" ID="30">
<CHOICE Vformula ="([3:0]*((-5*[4])/1000))" Rformula ="([3:0]*((33*[4])/1000))" name="Labels of categories" desc="Categories can be entirely labeled, partially labeled, or not labeled at all." type="radiobuttons" ID="4" MAXV="-0.015" MAXR="0.099" >
<ANSWER name = "none" coding = "1" ID="31">
</ANSWER>
<ANSWER name = "some" coding = "2" ID="32">
</ANSWER>
<ANSWER name = "all" coding = "3" ID="33">
</ANSWER>
</CHOICE>
<CHOICE Vformula ="([3:0]*((-9*[5])/1000))" Rformula ="([3:0]*((-48*[5])/1000))" name="Kind of labels" desc="One has the choice between full sentences, short predicated or a combination of both." type="radiobuttons" ID="5" MAXV="0" MAXR="0" >
<ANSWER name = "Short text" coding = "0" ID="34">
</ANSWER>
<ANSWER name = "Complete sentence / combination" coding = "1" ID="35">
</ANSWER>
</CHOICE>
<CHOICE Vformula ="([3:0]*((8*[11])/1000))" Rformula ="([3:0]*((13*[11])/1000))" name="Neutral or middle category" desc="Note that the neutral category is not equal to no answer or no opinion." type="radiobuttons" ID="11" MAXV="0.024" MAXR="0.039" >
<ANSWER name = "Present/not applicable" coding = "1" ID="50">
</ANSWER>
<ANSWER name = "Only registered" coding = "2" ID="51">
</ANSWER>
<ANSWER name = "Not present" coding = "3" ID="52">
</ANSWER>
</CHOICE>
<CHOICE Vformula ="([3:0]*((9*[12])/1000))" Rformula ="([3:0]*((-15*[12])/1000))" name="Full theoretical range of the scale" desc="We consider the following options relevant for the full theoretical range of the scale and compare it with the used scale.
" type="radiobuttons" ID="12" MAXV="0.027" MAXR="-0.015" >
<ANSWER name = "both unipolar" coding = "1" ID="54">
</ANSWER>
<ANSWER name = "both bipolar" coding = "2" ID="55">
</ANSWER>
<ANSWER name = "variable bipolar but scale unipolar" coding = "3" ID="56">
</ANSWER>
</CHOICE>
<CHOICE Vformula ="([3:0]*((1.1*[13])/1000))" Rformula ="([3:0]*((-16.8*[13])/1000))" name="Correspondence between labels and numbers" desc="Example of high correspondence:
-1		0		1
disagree	neither agree	agree
completely	nor disagree	completely" type="radiobuttons" ID="13" MAXV="0.0033" MAXR="-0.0168" >
<ANSWER name = "Not applicable" coding = "0" ID="58">
</ANSWER>
<ANSWER name = "High" coding = "1" ID="59">
</ANSWER>
<ANSWER name = "Medium" coding = "2" ID="60">
</ANSWER>
<ANSWER name = "Low" coding = "3" ID="110">
</ANSWER>
</CHOICE>
<CHOICE Vformula ="([3:0]*((22*[14])/1000))" Rformula ="([3:0]*((26*[14])/1000))" name="Symmetry of response scale" desc="A scale is symmetric when there is a correspondence between all terms such that their relationship is reversible. The scale must thus be bipolar and the quantifiers on both sides similar." type="radiobuttons" ID="14" MAXV="0.022" MAXR="0.026" >
<ANSWER name = "Symmetric / not applicable" coding = "0" ID="61">
</ANSWER>
<ANSWER name = "Asymmetric" coding = "1" ID="62">
</ANSWER>
</CHOICE>
<CHOICE Vformula ="([3:0]*((14*[15])/1000))" Rformula ="([3:0]*((-8*[15])/1000))" name="Order of labels" desc="In the case where categories are used we ask whether the first mentioned answer category was the most negative or positive category or neither." type="radiobuttons" ID="15" MAXV="0.028" MAXR="-0.008" >
<ANSWER name = "First label negative or n/a" coding = "1" ID="63">
</ANSWER>
<ANSWER name = "First label positive" coding = "2" ID="64">
</ANSWER>
</CHOICE>
<CHOICE Vformula ="([3:0]*((21*[53])/1000))" Rformula ="([3:0]*((15*[53])/1000))" name="Number of fixed reference points" desc="The subjective scale can be connected to the response scale by reference points. 
Example: 'give a number between 1 and 10':
1=good, 5=neither good nor bad, 10=bad;
This scale has 3 reference points. If there are completely labeled category scales then the number of reference points equals the number of categories mentioned.
The reference points on a scale can have a fixed position oon the subjective scale. In that case we speak of fixed reference points.
Using the example above, 'good' and 'bad' are not fixed reference points because their position is not necessarily on the end points of the scale only the neutral point 5 is fixed.
Examples of fixed reference points are:
1= as good as possible/extremely good
10= as bad as possible/extremely bad
These terms are fixed because their position is on the end points of the scale." type="numeric box" ID="53" MAXV="21" MAXR="15" >
</CHOICE>
<CHOICE Vformula ="([3:0]*((-2*[54])/1000))" Rformula ="([3:0]*((14*[54])/1000))" name="Number of categories" desc="This choice is linked to the 'response categorie' choice." type="linked to another choice" ID="54" MAXV="0" MAXR="14"  method="NUMCATEG" link="52" >
</CHOICE>
</ANSWER>
<ANSWER name = "Yes/No answers" coding = "1" ID="104">
<CHOICE Vformula ="([3:1]*((-5*[96])/1000))" Rformula ="([3:1]*((33*[96])/1000))" name="Labels of categories" desc="Categories can be entirely labeled, partially labeled, or not labeled at all." type="radiobuttons" ID="96" MAXV="-0.005" MAXR="0.099" >
<ANSWER name = "none" coding = "1" ID="218">
</ANSWER>
<ANSWER name = "some" coding = "2" ID="219">
</ANSWER>
<ANSWER name = "all" coding = "3" ID="217">
</ANSWER>
</CHOICE>
<CHOICE Vformula ="([3:1]*((-9*[92])/1000))" Rformula ="([3:1]*((-48*[92])/1000))" name="Kind of labels" desc="One has the choice between full sentences, short predicated or a combination of both." type="radiobuttons" ID="92" MAXV="0" MAXR="0" >
<ANSWER name = "Short text" coding = "0" ID="206">
</ANSWER>
<ANSWER name = "Complete sentence / combination" coding = "1" ID="207">
</ANSWER>
</CHOICE>
<CHOICE Vformula ="([3:1]*((-2*[75])/1000))" Rformula ="([3:1]*((14*[75])/1000))" name="Number of categories" desc="This choice is linked to the 'response categorie' choice." type="linked to another choice" ID="75" MAXV="0" MAXR="14"  method="NUMCATEG" link="52" >
</CHOICE>
</ANSWER>
<ANSWER name = "Frequencies/amount" coding = "2" ID="105">
<CHOICE Vformula ="([3:2]*((-0.07*[55])/1000))" Rformula ="([3:2]*((-0.07*[55])/1000))" name="Number of frequencies" desc="This code is equal to the maximum value possible on the frequency question." type="numeric box" ID="55" MAXV="0" MAXR="0" >
</CHOICE>
</ANSWER>
<ANSWER name = "Magnitude estimation" coding = "3" ID="106">
<CHOICE Vformula ="([3:3]*((-5*[95])/1000))" Rformula ="([3:3]*((33*[95])/1000))" name="Labels of categories" desc="Categories can be entirely labeled, partially labeled, or not labeled at all." type="radiobuttons" ID="95" MAXV="-0.005" MAXR="0.099" >
<ANSWER name = "none" coding = "1" ID="215">
</ANSWER>
<ANSWER name = "some" coding = "2" ID="216">
</ANSWER>
<ANSWER name = "all" coding = "3" ID="214">
</ANSWER>
</CHOICE>
<CHOICE Vformula ="([3:3]*((-9*[91])/1000))" Rformula ="([3:3]*((-48*[91])/1000))" name="Kind of labels" desc="One has the choice between full sentences, short predicated or a combination of both." type="radiobuttons" ID="91" MAXV="0" MAXR="0" >
<ANSWER name = "Short text" coding = "0" ID="203">
</ANSWER>
<ANSWER name = "Complete sentence / combination" coding = "1" ID="204">
</ANSWER>
</CHOICE>
<CHOICE Vformula ="([3:3]*((8*[88])/1000))" Rformula ="([3:3]*((13*[88])/1000))" name="Neutral or middle category" desc="Note that the neutral category is not equal to no answer or no opinion." type="radiobuttons" ID="88" MAXV="0.024" MAXR="0.039" >
<ANSWER name = "Present" coding = "1" ID="192">
</ANSWER>
<ANSWER name = "Only registered" coding = "2" ID="191">
</ANSWER>
<ANSWER name = "Not present" coding = "3" ID="190">
</ANSWER>
</CHOICE>
<CHOICE Vformula ="([3:3]*((9*[85])/1000))" Rformula ="([3:3]*((-15*[85])/1000))" name="Full theoretical range of the scale" desc="We consider the following options relevant for the full theoretical range of the scale and compare it with the used scale.
" type="radiobuttons" ID="85" MAXV="0.027" MAXR="-0.015" >
<ANSWER name = "both unipolar" coding = "1" ID="183">
</ANSWER>
<ANSWER name = "both bipolar" coding = "2" ID="182">
</ANSWER>
<ANSWER name = "variable bipolar but scale unipolar" coding = "3" ID="181">
</ANSWER>
</CHOICE>
<CHOICE Vformula ="([3:3]*((1.1*[82])/1000))" Rformula ="([3:3]*((-16.8*[82])/1000))" name="Correspondence between labels and numbers" desc="Example of high correspondence:
-1		0		1
disagree	neither agree	agree
completely	nor disagree	completely" type="radiobuttons" ID="82" MAXV="0.0033" MAXR="0" >
<ANSWER name = "Not applicable" coding = "0" ID="174">
</ANSWER>
<ANSWER name = "High" coding = "1" ID="171">
</ANSWER>
<ANSWER name = "Medium" coding = "2" ID="172">
</ANSWER>
<ANSWER name = "Low" coding = "3" ID="173">
</ANSWER>
</CHOICE>
<CHOICE Vformula ="([3:3]*((22*[79])/1000))" Rformula ="([3:3]*((26*[79])/1000))" name="Symmetry of response scale" desc="A scale is symmetric when there is a correspondence between all terms such that their relationship is reversible. The scale must thus be bipolar and the quantifiers on both sides similar." type="radiobuttons" ID="79" MAXV="0.022" MAXR="0.026" >
<ANSWER name = "Symmetric / not applicable" coding = "0" ID="161">
</ANSWER>
<ANSWER name = "Asymmetric" coding = "1" ID="162">
</ANSWER>
</CHOICE>
<CHOICE Vformula ="([3:3]*(14*[99)/1000))" Rformula ="([3:3]*(-8*[99])/1000))" name="Order of labels" desc="In the case where categories are used we ask whether the first mentioned answer category was the most negative or positive category or neither." type="radiobuttons" ID="99" MAXV="0.028" MAXR="-0.008" >
<ANSWER name = "First label negative or n/a" coding = "1" ID="220">
</ANSWER>
<ANSWER name = "First label positive" coding = "2" ID="221">
</ANSWER>
</CHOICE>
<CHOICE Vformula ="([3:3]*((21*[74])/1000))" Rformula ="([3:3]*((15*[74])/1000))" name="Number of fixed reference points" desc="The subjective scale can be connected to the response scale by reference points. 
Example: 'give a number between 1 and 10':
1=good, 5=neither good nor bad, 10=bad;
This scale has 3 reference points. If there are completely labeled category scales then the number of reference points equals the number of categories mentioned.
The reference points on a scale can have a fixed position oon the subjective scale. In that case we speak of fixed reference points.
Using the example above, 'good' and 'bad' are not fixed reference points because their position is not necessarily on the end points of the scale only the neutral point 5 is fixed.
Examples of fixed reference points are:
1= as good as possible/extremely good
10= as bad as possible/extremely bad
These terms are fixed because their position is on the end points of the scale." type="numeric box" ID="74" MAXV="21" MAXR="15" >
</CHOICE>
<CHOICE Vformula ="([3:3]*((-0.07*[97])/1000))" Rformula ="([3:3]*((-0.07*[97])/1000))" name="Number of frequencies" desc="This code is equal to the maximum value possible on the frequency question." type="numeric box" ID="97" MAXV="0" MAXR="0" >
</CHOICE>
</ANSWER>
<ANSWER name = "Line production" coding = "4" ID="107">
<CHOICE Vformula ="([3:4]*((-5*[94])/1000))" Rformula ="([3:4]*((33*[94])/1000))" name="Labels of categories" desc="Categories can be entirely labeled, partially labeled, or not labeled at all." type="radiobuttons" ID="94" MAXV="-0.005" MAXR="0.099" >
<ANSWER name = "none" coding = "1" ID="212">
</ANSWER>
<ANSWER name = "some" coding = "2" ID="213">
</ANSWER>
<ANSWER name = "all" coding = "3" ID="211">
</ANSWER>
</CHOICE>
<CHOICE Vformula ="([3:4]*((-9*[90])/1000))" Rformula ="([3:4]*((-48*[90])/1000))" name="Kind of labels" desc="One has the choice between full sentences, short predicated or a combination of both." type="radiobuttons" ID="90" MAXV="0" MAXR="0" >
<ANSWER name = "Short text" coding = "0" ID="197">
</ANSWER>
<ANSWER name = "Complete sentence / combination" coding = "1" ID="198">
</ANSWER>
</CHOICE>
<CHOICE Vformula ="([3:4]*((8*[87])/1000))" Rformula ="([3:4]*((13*[87])/1000))" name="Neutral or middle category" desc="Note that the neutral category is not equal to no answer or no opinion." type="radiobuttons" ID="87" MAXV="0.024" MAXR="0.039" >
<ANSWER name = "Present/not applicable" coding = "1" ID="189">
</ANSWER>
<ANSWER name = "Only registered" coding = "2" ID="188">
</ANSWER>
<ANSWER name = "Not present" coding = "3" ID="187">
</ANSWER>
</CHOICE>
<CHOICE Vformula ="([3:4]*((9*[84])/1000))" Rformula ="([3:4]*((-15*[84])/1000))" name="Full theoretical range of the scale" desc="We consider the following options relevant for the full theoretical range of the scale and compare it with the used scale.
" type="radiobuttons" ID="84" MAXV="0.027" MAXR="-0.015" >
<ANSWER name = "both unipolar" coding = "1" ID="180">
</ANSWER>
<ANSWER name = "both bipolar" coding = "2" ID="179">
</ANSWER>
<ANSWER name = "variable bipolar but scale unipolar" coding = "3" ID="178">
</ANSWER>
</CHOICE>
<CHOICE Vformula ="([3:4]*((1.1*[81])/1000))" Rformula ="([3:4]*((-16.8*[81])/1000))" name="Correspondence between labels and numbers" desc="Example of high correspondence:
-1		0		1
disagree	neither agree	agree
completely	nor disagree	completely" type="radiobuttons" ID="81" MAXV="0.0033" MAXR="0" >
<ANSWER name = "Not applicable" coding = "0" ID="170">
</ANSWER>
<ANSWER name = "High" coding = "1" ID="167">
</ANSWER>
<ANSWER name = "Medium" coding = "2" ID="168">
</ANSWER>
<ANSWER name = "Low" coding = "3" ID="169">
</ANSWER>
</CHOICE>
<CHOICE Vformula ="([3:4]*((22*[78])/1000))" Rformula ="([3:4]*((26*[78])/1000))" name="Symmetry of response scale" desc="A scale is symmetric when there is a correspondence between all terms such that their relationship is reversible. The scale must thus be bipolar and the quantifiers on both sides similar." type="radiobuttons" ID="78" MAXV="0.022" MAXR="0.026" >
<ANSWER name = "Asymmetric" coding = "0" ID="159">
</ANSWER>
<ANSWER name = "Symmetric / not applicable" coding = "1" ID="160">
</ANSWER>
</CHOICE>
<CHOICE Vformula ="([3:4]*(14*[100])/1000))" Rformula ="([3:4]*(-8*[100])/1000))" name="Order of labels" desc="In the case where categories are used we ask whether the first mentioned answer category was the most negative or positive category or neither." type="radiobuttons" ID="100" MAXV="0.028" MAXR="-0.008" >
<ANSWER name = "First label negative or n/a" coding = "1" ID="222">
</ANSWER>
<ANSWER name = "First label positive" coding = "2" ID="223">
</ANSWER>
</CHOICE>
<CHOICE Vformula ="([3:4]*((21*[73])/1000))" Rformula ="([3:4]*((15*[73])/1000))" name="Number of fixed reference points" desc="The subjective scale can be connected to the response scale by reference points. 
Example: 'give a number between 1 and 10':
1=good, 5=neither good nor bad, 10=bad;
This scale has 3 reference points. If there are completely labeled category scales then the number of reference points equals the number of categories mentioned.
The reference points on a scale can have a fixed position oon the subjective scale. In that case we speak of fixed reference points.
Using the example above, 'good' and 'bad' are not fixed reference points because their position is not necessarily on the end points of the scale only the neutral point 5 is fixed.
Examples of fixed reference points are:
1= as good as possible/extremely good
10= as bad as possible/extremely bad
These terms are fixed because their position is on the end points of the scale." type="numeric box" ID="73" MAXV="21" MAXR="15" >
</CHOICE>
<CHOICE Vformula ="([3:4]*((-0.07*[98])/1000))" Rformula ="([3:4]*((-0.07*[98])/1000))" name="Number of frequencies" desc="This code is equal to the maximum value possible on the frequency question." type="numeric box" ID="98" MAXV="0" MAXR="0" >
</CHOICE>
</ANSWER>
<ANSWER name = "More steps procedures" coding = "5" ID="108">
<CHOICE Vformula ="([3:5]*((-5*[93])/1000))" Rformula ="([3:5]*((33*[93])/1000))" name="Labels of categories" desc="Categories can be entirely labeled, partially labeled, or not labeled at all." type="radiobuttons" ID="93" MAXV="-0.005" MAXR="0.099" >
<ANSWER name = "none" coding = "1" ID="209">
</ANSWER>
<ANSWER name = "some" coding = "2" ID="210">
</ANSWER>
<ANSWER name = "all" coding = "3" ID="208">
</ANSWER>
</CHOICE>
<CHOICE Vformula ="([3:5]*((-9*[89])/1000))" Rformula ="([3:5]*((-48*[89])/1000))" name="Kind of labels" desc="One has the choice between full sentences, short predicated or a combination of both." type="radiobuttons" ID="89" MAXV="0" MAXR="0" >
<ANSWER name = "Short text" coding = "0" ID="194">
</ANSWER>
<ANSWER name = "Complete sentence / combination" coding = "1" ID="195">
</ANSWER>
</CHOICE>
<CHOICE Vformula ="([3:5]*((8*[86])/1000))" Rformula ="([3:5]*((13*[86])/1000))" name="Neutral or middle category" desc="Note that the neutral category is not equal to no answer or no opinion." type="radiobuttons" ID="86" MAXV="0.024" MAXR="0.039" >
<ANSWER name = "Present/not applicable" coding = "1" ID="186">
</ANSWER>
<ANSWER name = "Only registered" coding = "2" ID="185">
</ANSWER>
<ANSWER name = "Not present" coding = "3" ID="184">
</ANSWER>
</CHOICE>
<CHOICE Vformula ="([3:5]*((9*[83])/1000))" Rformula ="([3:5]*((-15*[83])/1000))" name="Full theoretical range of the scale" desc="We consider the following options relevant for the full theoretical range of the scale and compare it with the used scale.
" type="radiobuttons" ID="83" MAXV="0.027" MAXR="-0.015" >
<ANSWER name = "both unipolar" coding = "1" ID="177">
</ANSWER>
<ANSWER name = "both bipolar" coding = "2" ID="176">
</ANSWER>
<ANSWER name = "variable bipolar but scale unipolar" coding = "3" ID="175">
</ANSWER>
</CHOICE>
<CHOICE Vformula ="([3:5]*((1.1*[80])/1000))" Rformula ="([3:5]*((-16.8*[80])/1000))" name="Correspondence between labels and numbers" desc="Example of high correspondence:
-1		0		1
disagree	neither agree	agree
completely	nor disagree	completely" type="radiobuttons" ID="80" MAXV="0.0033" MAXR="0" >
<ANSWER name = "Not applicable" coding = "0" ID="166">
</ANSWER>
<ANSWER name = "High" coding = "1" ID="163">
</ANSWER>
<ANSWER name = "Medium" coding = "2" ID="164">
</ANSWER>
<ANSWER name = "Low" coding = "3" ID="165">
</ANSWER>
</CHOICE>
<CHOICE Vformula ="([3:5]*((22*[77])/1000))" Rformula ="([3:5]*((26*[77])/1000))" name="Symmetry of response scale" desc="A scale is symmetric when there is a correspondence between all terms such that their relationship is reversible. The scale must thus be bipolar and the quantifiers on both sides similar." type="radiobuttons" ID="77" MAXV="0.022" MAXR="0.026" >
<ANSWER name = "Symmetric / not applicable" coding = "0" ID="157">
</ANSWER>
<ANSWER name = "Asymmetric" coding = "1" ID="158">
</ANSWER>
</CHOICE>
<CHOICE Vformula ="([3:5]*(14*[101])/1000))" Rformula ="([3:5]*(-8*[101])/1000))" name="Order of labels" desc="In the case where categories are used we ask whether the first mentioned answer category was the most negative or positive category or neither." type="radiobuttons" ID="101" MAXV="0.028" MAXR="-0.008" >
<ANSWER name = "First label negative or n/a" coding = "1" ID="224">
</ANSWER>
<ANSWER name = "First label positive" coding = "2" ID="225">
</ANSWER>
</CHOICE>
<CHOICE Vformula ="([3:5]*((21*[72])/1000))" Rformula ="([3:5]*((15*[72])/1000))" name="Number of fixed reference points" desc="The subjective scale can be connected to the response scale by reference points. 
Example: 'give a number between 1 and 10':
1=good, 5=neither good nor bad, 10=bad;
This scale has 3 reference points. If there are completely labeled category scales then the number of reference points equals the number of categories mentioned.
The reference points on a scale can have a fixed position oon the subjective scale. In that case we speak of fixed reference points.
Using the example above, 'good' and 'bad' are not fixed reference points because their position is not necessarily on the end points of the scale only the neutral point 5 is fixed.
Examples of fixed reference points are:
1= as good as possible/extremely good
10= as bad as possible/extremely bad
These terms are fixed because their position is on the end points of the scale." type="numeric box" ID="72" MAXV="21" MAXR="15" >
</CHOICE>
<CHOICE Vformula ="([3:5]*((-2*[76])/1000))" Rformula ="([3:5]*((14*[76])/1000))" name="Number of categories" desc="This choice is linked to the 'response categorie' choice." type="linked to another choice" ID="76" MAXV="0" MAXR="14"  method="NUMCATEG" link="52" >
</CHOICE>
</ANSWER>
<ANSWER name = "Open question" coding = "6" ID="109">
</ANSWER>
</CHOICE>
<CHOICE Vformula ="(-2*[6])/1000" Rformula ="(-7*[6])/1000" name="Don't know possibility" desc="The following options can be considered: it might be explicitly present (read aloud or show on card or screen); it might not be mentioned, but registered, if mentioned there might be a filter question preceding the item; it might not be allowed. Note that unsure/uncertain can sometimes indicate the don't know possibility but it could also indicate the neutral or middle category." type="radiobuttons" ID="6" MAXV="-0.002" MAXR="-0.007" >
<ANSWER name = "Present" coding = "1" ID="37">
</ANSWER>
<ANSWER name = "Only registered" coding = "2" ID="38">
</ANSWER>
<ANSWER name = "Not present" coding = "3" ID="39">
</ANSWER>
</CHOICE>
<CHOICE Vformula ="((12*[57:1]) + (4*[57:2]))/1000" Rformula ="((27*[57:1]) + (44*[57:2]))/1000" name="Question form" desc="" type="radiobuttons" ID="57" MAXV="0.0115" MAXR="0.0272" >
<ANSWER name = "none of the three (in battery)" coding = "0" ID="112">
</ANSWER>
<ANSWER name = "question present" coding = "1" ID="113">
</ANSWER>
<ANSWER name = "instruction present" coding = "2" ID="114">
</ANSWER>
<ANSWER name = "declarative" coding = "3" ID="115">
</ANSWER>
</CHOICE>
<CHOICE Vformula ="(-15*[58])/1000" Rformula ="(-13*[58])/1000" name="Instruction for the respondent available?" desc="Researchers can give instructions to the respondent which are liguistically characterized by the imperative mood or polite versions of it. Example: 'answer the question with this card.'" type="radiobuttons" ID="58" MAXV="0" MAXR="0" >
<ANSWER name = "No" coding = "0" ID="116">
</ANSWER>
<ANSWER name = "Yes" coding = "1" ID="117">
</ANSWER>
</CHOICE>
<CHOICE Vformula ="(6*[59])/1000" Rformula ="(-0.07*[59])/1000" name="Instruction for the interviewer available?" desc="" type="radiobuttons" ID="59" MAXV="0.006" MAXR="0" >
<ANSWER name = "No" coding = "0" ID="118">
</ANSWER>
<ANSWER name = "Yes" coding = "1" ID="119">
</ANSWER>
</CHOICE>
<CHOICE Vformula ="(-0.3*[60])/1000" Rformula ="(7*[60])/1000" name="Extra motivation, info or definition available?" desc="" type="radiobuttons" ID="60" MAXV="0" MAXR="0.007" >
<ANSWER name = "No" coding = "0" ID="120">
</ANSWER>
<ANSWER name = "Yes" coding = "1" ID="121">
</ANSWER>
</CHOICE>
<CHOICE Vformula ="(-11*[61])/1000" Rformula ="(6*[61])/1000" name="Introduction available?" desc="This choice is linked to the Introduction choice." type="radiobuttons" ID="61" MAXV="0" MAXR="0.006"  method="AVAILABLE" link="51" >
<ANSWER name = "No" coding = "0" ID="122">
</ANSWER>
<ANSWER name = "Yes" coding = "1" ID="123">
<CHOICE Vformula ="0" Rformula ="0" name="Introduction" desc="The full text of the question introduction (INTRO). Please consult the SQP manual for a definition." type="textarea" ID="51" MAXV="0" MAXR="0" >
</CHOICE>
<CHOICE Vformula ="([61:1]*((-21*[62])/1000))" Rformula ="([61:1]*((-45*[62])/1000))" name="Question in Introduction available?" desc="" type="radiobuttons" ID="62" MAXV="0" MAXR="0" >
<ANSWER name = "No" coding = "0" ID="154">
</ANSWER>
<ANSWER name = "Yes" coding = "1" ID="155">
</ANSWER>
</CHOICE>
<CHOICE Vformula ="([61:1]*((1.4*[43])/1000))" Rformula ="([61:1]*((-1.3*[43])/1000))" name="Number of words in introduction" desc="This choice is linked to the 'Introduction' choice." type="linked to another choice" ID="43" MAXV="1.12" MAXR="0"  method="NUMWORDS" link="51" >
</CHOICE>
<CHOICE Vformula ="0" Rformula ="0" name="Number of sentences in introduction" desc="This choice is linked to the introduction choice. NOTE: the effect given is the total effect conditioned on the no. words in the introduction." type="linked to another choice" ID="104" MAXV="0" MAXR="0"  method="NUMSENTENCES" link="51" >
</CHOICE>
<CHOICE Vformula ="([61:1]*((-0.37*([43]/[104]))/1000))" Rformula ="([61:1]*((0.06*([43]/[104]))/1000))" name="Mean no. words per sentence in introduction" desc="This choice represents the effect of the mean number of words per sentence in the introduction and is calculated by dividing the 'Number of words' choice by the 'Number of sentences' choice.

CAUTION: this means that changing this choice manually will not affect calculations: please alter either the introduction, or the 'number of sentences' and/or 'number of words in introduction' choices!" type="linked to another choice" ID="105" MAXV="0" MAXR="0"  method="MEANWORDSPERSENTENCE" link="51" >
</CHOICE>
<CHOICE Vformula ="([61:1]*((8*[63])/1000))" Rformula ="([61:1]*((29*[63])/1000))" name="Number of subordinated clauses in introduction" desc="" type="numeric box" ID="63" MAXV="8" MAXR="29" >
</CHOICE>
</ANSWER>
</CHOICE>
<CHOICE Vformula ="(-6*[29])/1000" Rformula ="(-13*[29])/1000" name="Knowledge provided" desc="In survey items, relevant information can be provided such as information about the topic or definitions of terms or both." type="radiobuttons" ID="29" MAXV="-0.006" MAXR="-0.013" >
<ANSWER name = "No extra information provided" coding = "1" ID="95">
</ANSWER>
<ANSWER name = "Definitions only" coding = "2" ID="96">
</ANSWER>
<ANSWER name = "Other explanations" coding = "3" ID="97">
</ANSWER>
<ANSWER name = "Both definitions and other explanations" coding = "4" ID="98">
</ANSWER>
</CHOICE>
<CHOICE Vformula ="(-8.3*[45])/1000" Rformula ="(12.7*[45])/1000" name="Number of sentences in the question" desc="This choice is linked to the request for an answer choice." type="linked to another choice" ID="45" MAXV="0" MAXR="12.7"  method="NUMSENTENCES" link="10" >
</CHOICE>
<CHOICE Vformula ="(-1.3*[47])/1000" Rformula ="(0.8*[47])/1000" name="Number of words in question" desc="This choice is linked to the 'request for an answer' choice." type="linked to another choice" ID="47" MAXV="0" MAXR="0.8"  method="NUMWORDS" link="10" >
</CHOICE>
<CHOICE Vformula ="(1.1*([47]/[45]))/1000" Rformula ="(-2.2*([47]/[45]))/1000" name="Mean number of words per sentence in question" desc="This choice is linked to the 'request for an answer' choice. NOTE: this 'choice' exists only as a placeholder for the effect of the mean number of words per sentence; changing its value will not change the calculations, as these depend on the choices 'number of words in question' and 'number of sentences in question'!" type="linked to another choice" ID="48" MAXV="1.1" MAXR="0"  method="MEANWORDSPERSENTENCE" link="10" >
</CHOICE>
<CHOICE Vformula ="(-10.4*[49])/1000" Rformula ="(-32.5*[49])/1000" name="Mean number of syllables per word in question" desc="You can use the WinSQP 'syllable counter' as an aid in determining this choice: in the menu above, choose Tools, then Syllable counter. Then use the '\' character to indicate syllables." type="numeric box" ID="49" MAXV="0" MAXR="0" >
</CHOICE>
<CHOICE Vformula ="(-18*[46])/1000" Rformula ="(14*[46])/1000" name="Number of subordinate clauses in the question" desc="" type="numeric box" ID="46" MAXV="0" MAXR="14" >
</CHOICE>
<CHOICE Vformula ="0" Rformula ="0" name="Total number of nouns in question" desc="Please enter the total number of nouns in the introduction and request for an answer." type="numeric box" ID="102" MAXV="0" MAXR="0" >
</CHOICE>
<CHOICE Vformula ="(-14*([103]/[102]))/1000" Rformula ="(3*([103]/[102]))/1000" name="Number of abstract nouns in question" desc="Abstract nouns indicate objects which in principle can not be touched; thus no living beings or physical object. In English they can often be found by looking at nouns with the following endings: 
   -HOOD, e.g. boyhood
   -SHIIP, e.g. friendship
   -DOM, e.g. kingdom
   -(A)TION, e.g. information
   -ISM, e.g. heroism
   -CY, e.g. accuracy
   -AGE, e.g. sabotage
   -NESS, e.g. happiness
   -ITY, e.g. sanity" type="numeric box" ID="103" MAXV="0" MAXR="0" >
</CHOICE>
<CHOICE Vformula ="(-38.3*[64])/1000" Rformula ="(-3.8*[64])/1000" name="Mode of data collection" desc="The data can be collected by computer asisted interviewing or not." type="radiobuttons" ID="64" MAXV="0" MAXR="0" >
<ANSWER name = "Paper and pencil" coding = "0" ID="124">
</ANSWER>
<ANSWER name = "Computer assisted" coding = "1" ID="125">
</ANSWER>
</CHOICE>
<CHOICE Vformula ="(-104*[65])/1000" Rformula ="(-51*[65])/1000" name="Interviewer administered or self completion" desc="One can use interviewers to present the information or not, e.g. self-administered. " type="radiobuttons" ID="65" MAXV="0" MAXR="0" >
<ANSWER name = "Self-administered" coding = "0" ID="126">
</ANSWER>
<ANSWER name = "Interviewer" coding = "1" ID="127">
</ANSWER>
</CHOICE>
<CHOICE Vformula ="((25.3*[66:1]))/1000" Rformula ="((10.4*[66:1]))/1000" name="Presentation of information" desc="The information can be read aloud by the interviewer, or presented visually - for example with written text or on computer screens. Alternatively, the interviewer might read the item aloud while presenting cards to the respondent." type="radiobuttons" ID="66" MAXV="0.0253" MAXR="0.0104" >
<ANSWER name = "Visual" coding = "0" ID="128">
</ANSWER>
<ANSWER name = "Oral" coding = "1" ID="129">
</ANSWER>
<ANSWER name = "Oral, but using show cards" coding = "2" ID="130">
</ANSWER>
</CHOICE>
<CHOICE Vformula ="(28.9*[67])/1000" Rformula ="(-10.3*[67])/1000" name="Item placed in battery" desc="A survey item can be placed in a battery with identical answer scales within the question or not." type="radiobuttons" ID="67" MAXV="0.0289" MAXR="0" >
<ANSWER name = "No" coding = "0" ID="131">
</ANSWER>
<ANSWER name = "Yes" coding = "1" ID="132">
</ANSWER>
</CHOICE>
<CHOICE Vformula ="((1.50*[69]*([69]<25)) + (0.42*[69]*((24<[69])&&([69]<100))) + (0.27*[69]*((99<[69])&&([69]<200))) + (0.10*[69]*([69]>199)))/1000" Rformula ="(0.3*[69])/1000" name="Position of the item in the questionnaire" desc="" type="numeric box" ID="69" MAXV="0" MAXR="0.09" >
</CHOICE>
<CHOICE Vformula ="((-76*[68:1]) + (-3*[68:2]))/1000" Rformula ="((-20*[68:1]) + (-72*[68:2]))/1000" name="Language used in the questionnaire" desc="" type="radiobuttons" ID="68" MAXV="0" MAXR="0" >
<ANSWER name = "German" coding = "0" ID="133">
</ANSWER>
<ANSWER name = "Dutch" coding = "1" ID="134">
</ANSWER>
<ANSWER name = "English" coding = "2" ID="135">
</ANSWER>
<ANSWER name = "French" coding = "3" ID="136">
</ANSWER>
<ANSWER name = "Spanish" coding = "4" ID="137">
</ANSWER>
<ANSWER name = "Portuguese" coding = "5" ID="138">
</ANSWER>
<ANSWER name = "Italian" coding = "6" ID="139">
</ANSWER>
<ANSWER name = "Slovene" coding = "7" ID="140">
</ANSWER>
<ANSWER name = "Hungarian" coding = "8" ID="141">
</ANSWER>
<ANSWER name = "Chech" coding = "9" ID="142">
</ANSWER>
<ANSWER name = "Polish" coding = "10" ID="143">
</ANSWER>
<ANSWER name = "Danish" coding = "11" ID="144">
</ANSWER>
<ANSWER name = "Swedish" coding = "12" ID="145">
</ANSWER>
<ANSWER name = "Norwegian" coding = "13" ID="146">
</ANSWER>
<ANSWER name = "Finish" coding = "14" ID="147">
</ANSWER>
<ANSWER name = "Hebrew" coding = "15" ID="148">
</ANSWER>
<ANSWER name = "Arabic" coding = "16" ID="149">
</ANSWER>
</CHOICE>
</ANSWER>
</CHOICES>
<FORMULAS>
<FORMULA SUMMARY="True" TARGET="v" DESC="the validity coefficient" EXPRESSION="((977) + (45*[1:1]) + (58*[1:2]) + (22*[1:3]) + (5*[1:4]) + (-16*[1:5]) + (-1*[1:6]) + (28*[1:7]) + (14*[2:1]) + (-8*[2:2]) + (19*[2:3]) + (-9*[2:4]) + (-150*[2:5]) + (47*[2:6]) + (8*[8]) + (-9*[9]) + (-10*[21:1]) + (-2*[21:3]) + (41*[22:1]) + (-12*[23]) + (-23*[24]) + (-8*[25]) + (-22*[26]) + (-12*[27]) + (-34*[28]) + (-10*[30]) + (-2*[3:1]) + (-95*[3:2]) + (-116*[3:3]) + (-33*[3:4]) + (25*[3:5]) + ([3:0]*(-5*[4])) + ([3:0]*(-9*[5])) + ([3:0]*(8*[11])) + ([3:0]*(9*[12])) + ([3:0]*(1.1*[13])) + ([3:0]*(22*[14])) + ([3:0]*(14*[15])) + ([3:0]*(21*[53])) + ([3:0]*(-2*[54])) + ([3:1]*(-5*[96])) + ([3:1]*(-9*[92])) + ([3:1]*(-2*[75])) + ([3:2]*(-0.07*[55])) + ([3:3]*(-5*[95])) + ([3:3]*(-9*[91])) + ([3:3]*(8*[88])) + ([3:3]*(9*[85])) + ([3:3]*(1.1*[82])) + ([3:3]*(22*[79])) + ([3:3]*(14*[99)) + ([3:3]*(21*[74])) + ([3:3]*(-0.07*[97])) + ([3:4]*(-5*[94])) + ([3:4]*(-9*[90])) + ([3:4]*(8*[87])) + ([3:4]*(9*[84])) + ([3:4]*(1.1*[81])) + ([3:4]*(22*[78])) + ([3:4]*(14*[100])) + ([3:4]*(21*[73])) + ([3:4]*(-0.07*[98])) + ([3:5]*(-5*[93])) + ([3:5]*(-9*[89])) + ([3:5]*(8*[86])) + ([3:5]*(9*[83])) + ([3:5]*(1.1*[80])) + ([3:5]*(22*[77])) + ([3:5]*(14*[101])) + ([3:5]*(21*[72])) + ([3:5]*(-2*[76])) + (-2*[6]) + (12*[57:1]) + (4*[57:2]) + (-15*[58]) + (6*[59]) + (-0.3*[60]) + (-11*[61]) + ([61:1]*(-21*[62])) + ([61:1]*(1.4*[43])) + ([61:1]*(-0.37*([43]/[104]))) + ([61:1]*(8*[63])) + (-6*[29]) + (-8.3*[45]) + (-1.3*[47]) + (1.1*([47]/[45])) + (-10.4*[49]) + (-18*[46]) + (-14*([103]/[102])) + (-38.3*[64]) + (-104*[65]) + (25.3*[66:1]) + (28.9*[67]) + (1.50*[69]*([69]<25)) + (0.42*[69]*((24<[69])&&([69]<100))) + (0.27*[69]*((99<[69])&&([69]<200))) + (0.10*[69]*([69]>199)) + (-76*[68:1]) + (-3*[68:2]))/1000"/>
<FORMULA SUMMARY="True" TARGET="r" DESC="the reliability coefficient" EXPRESSION="(783 + (53*[1:1]) + (29*[1:2]) + (17*[1:3]) + (21*[1:4]) + (-77*[1:5]) + (-67*[1:6]) + (13*[1:7]) + ([3:0]*(33*[4])) + ([3:1]*(33*[96])) + ([3:3]*(33*[95])) + ([3:4]*(33*[94])) + ([3:5]*(33*[93])) + ([3:4]*(-48*[90])) + ([3:5]*(-48*[89])) + ([61:1]*(-45*[62])) + ([3:3]*(-48*[91])) + (6*[2:1]) + (-4*[2:2]) + (36*[2:3]) + (3*[2:4]) + (-126*[2:5]) + (-72*[2:6]) + ([3:0]*(-48*[5])) + ([3:1]*(-48*[92])) + ([3:0]*(13*[11])) + ([3:4]*(13*[87])) + ([3:5]*(13*[86])) + (2*[8]) + ([61:1]*(-1.3*[43])) + ([3:3]*(13*[88])) + ([3:5]*(-15*[83])) + ([3:0]*(-15*[12])) + ([3:4]*(-15*[84])) + ([3:3]*(-15*[85])) + ([61:1]*(0.06*([43]/[104]))) + (-17*[9]) + (-13*[21:1]) + (44*[21:3]) + ([61:1]*(29*[63])) + ([3:0]*(-16.8*[13])) + ([3:5]*(-16.8*[80])) + ([3:3]*(-16.8*[82])) + ([3:4]*(-16.8*[81])) + (4*[22:1]) + ([3:4]*(26*[78])) + ([3:5]*(26*[77])) + ([3:3]*(26*[79])) + ([3:0]*(26*[14])) + (-23*[23]) + ([3:0]*(-8*[15])) + ([3:3]*(-8*[99])) + ([3:4]*(-8*[100])) + ([3:5]*(-8*[101])) + ([3:5]*(15*[72])) + ([3:4]*(15*[73])) + (80*[24]) + ([3:0]*(15*[53])) + ([3:3]*(15*[74])) + (13*[25]) + ([3:1]*(14*[75])) + ([3:5]*(14*[76])) + ([3:0]*(14*[54])) + ([3:4]*(-0.07*[98])) + ([3:3]*(-0.07*[97])) + (-3*[26]) + ([3:2]*(-0.07*[55])) + (-11*[27]) + (-6*[28]) + (1*[30]) + (-22*[3:1]) + (121*[3:2]) + (116*[3:3]) + (118*[3:4]) + (49*[3:5]) + (-7*[6]) + (27*[57:1]) + (44*[57:2]) + (-13*[58]) + (-0.07*[59]) + (7*[60]) + (6*[61]) + (-13*[29]) + (12.7*[45]) + (0.8*[47]) + (-2.2*([47]/[45])) + (-32.5*[49]) + (14*[46]) + (3*([103]/[102])) + (-3.8*[64]) + (-51*[65]) + (10.4*[66:1]) + (-10.3*[67]) + (0.3*[69]) + (-20*[68:1]) + (-72*[68:2]))/1000"/>
<FORMULA SUMMARY="True" TARGET="q" DESC="the quality coefficient" EXPRESSION="([v]*[r])"/>
<FORMULA SUMMARY="True" TARGET="m" DESC="the method effect" EXPRESSION="sqrt(1-([v]^2))"/>
<FORMULA SUMMARY="False" TARGET="validity" DESC="the total validity" EXPRESSION="([v]^2)"/>
<FORMULA SUMMARY="False" TARGET="reliability" DESC="the total reliability" EXPRESSION="([r]^2)"/>
<FORMULA SUMMARY="False" TARGET="quality" DESC="the total quality" EXPRESSION="([q]^2)"/>
<FORMULA SUMMARY="False" TARGET="method-correlation" DESC="the method-induced correlation" EXPRESSION="(([r]^2)*(1-([v]^2)))"/>
</FORMULAS>
<CHOICEVARIABLELINKS>
<CHOICEVARIABLELINK CHOICEID="10" STRING="wiz_wording" />
<CHOICEVARIABLELINK CHOICEID="51" STRING="wiz_introduction" />
<CHOICEVARIABLELINK CHOICEID="52" STRING="wiz_categories" />
<CHOICEVARIABLELINK CHOICEID="49" STRING="wiz_questionsyllables" />
</CHOICEVARIABLELINKS>
</SQP>

